	INSERT INTO T_USER (ID, LOGIN, PASSWORD, EMAIL) VALUES (1,'user1','e6c3da5b206634d7f3f3586d747ffdb36b5c675757b380c6a5fe5c570c714349','user1@ilcd.com');
INSERT INTO T_USER (ID, LOGIN, PASSWORD, EMAIL) VALUES (2,'user2','1ba3d16e9881959f8c9a9762854f72c6e6321cdd44358a10a4e939033117eab9','user2@ilcd.com');
INSERT INTO T_USER (ID, LOGIN, PASSWORD, EMAIL) VALUES (3,'user3','3acb59306ef6e660cf832d1d34c4fba3d88d616f0bb5c2a9e0f82d18ef6fc167','user3@ilcd.com');
INSERT INTO T_USER (ID, LOGIN, PASSWORD, EMAIL) VALUES (4,'user4','a417b5dc3d06d15d91c6687e27fc1705ebc56b3b2d813abe03066e5643fe4e74','user4@ilcd.com');


INSERT INTO T_NODE_CREDENTIALS (ID, ACCESSACCOUNT, ACCESSPASSWORD, NODEID) VALUES (1, 'testAccount','testPassword','testNodeId1');
INSERT INTO T_NODE_CREDENTIALS (ID, ACCESSACCOUNT, ACCESSPASSWORD, NODEID) VALUES (2, 'testAccount','testPassword','testNodeId2');
INSERT INTO T_NODE_CREDENTIALS (ID, ACCESSACCOUNT, ACCESSPASSWORD, NODEID) VALUES (3, 'testAccount','testPassword','testNodeId3');
INSERT INTO T_NODE_CREDENTIALS (ID, ACCESSACCOUNT, ACCESSPASSWORD, NODEID) VALUES (4, 'testAccount','testPassword','testNodeId4');
INSERT INTO T_NODE_CREDENTIALS (ID, ACCESSACCOUNT, ACCESSPASSWORD, NODEID) VALUES (5, 'testAccount','testPassword','testNodeId5');
INSERT INTO T_NODE_CREDENTIALS (ID, ACCESSACCOUNT, ACCESSPASSWORD, NODEID) VALUES (6, 'testAccount','testPassword','testNodeId6');
INSERT INTO T_NODE_CREDENTIALS (ID, ACCESSACCOUNT, ACCESSPASSWORD, NODEID) VALUES (7, 'testAccount','testPassword','testNodeId7');
INSERT INTO T_NODE_CREDENTIALS (ID, ACCESSACCOUNT, ACCESSPASSWORD, NODEID) VALUES (8, 'testAccount','testPassword','testNodeId8');
INSERT INTO T_NODE_CREDENTIALS (ID, ACCESSACCOUNT, ACCESSPASSWORD, NODEID) VALUES (9, 'testAccount','testPassword','testNodeId9');
INSERT INTO T_NODE_CREDENTIALS (ID, ACCESSACCOUNT, ACCESSPASSWORD, NODEID) VALUES (10, 'testAccount','testPassword','testNodeId10');

INSERT INTO T_NODE (ID, BASEURL, NODEID, ADMINWEBADDRESS, ADMINNAME, STATUS, DESCRIPTION, NAME, ADMINEMAILADDRESS, ADMINPHONE, NODE_CREDENTIALS_ID) VALUES (1, 'http://localhost:8081', 'testNodeId1', null, 'testAdmin', 'NOT_APPROVED', null, 'Unit test node', 'admin@admin.com', null, 1);
INSERT INTO T_NODE (ID, BASEURL, NODEID, ADMINWEBADDRESS, ADMINNAME, STATUS, DESCRIPTION, NAME, ADMINEMAILADDRESS, ADMINPHONE, NODE_CREDENTIALS_ID) VALUES (2, 'http://localhost:8082', 'testNodeId2', null, 'testAdmin', 'APPROVED', null, 'Unit test node','admin@admin.com', null, 2);
INSERT INTO T_NODE (ID, BASEURL, NODEID, ADMINWEBADDRESS, ADMINNAME, STATUS, DESCRIPTION, NAME, ADMINEMAILADDRESS, ADMINPHONE, NODE_CREDENTIALS_ID) VALUES (3, 'http://localhost:8083', 'testNodeId3', null, 'testAdmin', 'APPROVED', null, 'Unit test node', 'admin@admin.com', null, 3);
INSERT INTO T_NODE (ID, BASEURL, NODEID, ADMINWEBADDRESS, ADMINNAME, STATUS, DESCRIPTION, NAME, ADMINEMAILADDRESS, ADMINPHONE, NODE_CREDENTIALS_ID) VALUES (4, 'http://localhost:8084', 'testNodeId4', null, 'testAdmin', 'APPROVED', null, 'Unit test node', 'admin@admin.com', null, 4);
INSERT INTO T_NODE (ID, BASEURL, NODEID, ADMINWEBADDRESS, ADMINNAME, STATUS, DESCRIPTION, NAME, ADMINEMAILADDRESS, ADMINPHONE, NODE_CREDENTIALS_ID) VALUES (5, 'http://localhost:8085', 'testNodeId5', null, 'testAdmin', 'NOT_APPROVED', null, 'Unit test node', 'admin@admin.com', null, 5);
INSERT INTO T_NODE (ID, BASEURL, NODEID, ADMINWEBADDRESS, ADMINNAME, STATUS, DESCRIPTION, NAME, ADMINEMAILADDRESS, ADMINPHONE, NODE_CREDENTIALS_ID) VALUES (6, 'http://localhost:8086', 'testNodeId6', null, 'testAdmin', 'NOT_APPROVED', null, 'Unit test node', 'admin@admin.com', null, 6);
INSERT INTO T_NODE (ID, BASEURL, NODEID, ADMINWEBADDRESS, ADMINNAME, STATUS, DESCRIPTION, NAME, ADMINEMAILADDRESS, ADMINPHONE, NODE_CREDENTIALS_ID) VALUES (7, 'http://localhost:8087', 'testNodeId7', null, 'testAdmin', 'NOT_APPROVED', null, 'Unit test node', 'admin@admin.com', null, 7);
INSERT INTO T_NODE (ID, BASEURL, NODEID, ADMINWEBADDRESS, ADMINNAME, STATUS, DESCRIPTION, NAME, ADMINEMAILADDRESS, ADMINPHONE, NODE_CREDENTIALS_ID) VALUES (8, 'http://localhost:8088', 'testNodeId8', null, 'testAdmin', 'NOT_APPROVED', null, 'Unit test node', 'admin@admin.com', null, 8);
INSERT INTO T_NODE (ID, BASEURL, NODEID, ADMINWEBADDRESS, ADMINNAME, STATUS, DESCRIPTION, NAME, ADMINEMAILADDRESS, ADMINPHONE, NODE_CREDENTIALS_ID) VALUES (9, 'http://localhost:8089', 'testNodeId9', null, 'testAdmin', 'NOT_APPROVED', null, 'Unit test node', 'admin@admin.com', null, 9);
INSERT INTO T_NODE (ID, BASEURL, NODEID, ADMINWEBADDRESS, ADMINNAME, STATUS, DESCRIPTION, NAME, ADMINEMAILADDRESS, ADMINPHONE, NODE_CREDENTIALS_ID) VALUES (10, 'http://localhost:8090', 'testNodeId10', null, 'testAdmin', 'NOT_APPROVED', null, 'Unit test node', 'admin@admin.com', null, 10);

INSERT INTO T_DATA_SET (UUID, NODE_ID, HASH, STATUS, VERSION) VALUES ('UUID_1', 1, '123456', 'ACCEPTED', '1.00.00');
INSERT INTO T_DATA_SET (UUID, NODE_ID, HASH, STATUS, VERSION) VALUES ('UUID_2', 1, '234567', 'NEW', '1.00.00');
INSERT INTO T_DATA_SET (UUID, NODE_ID, HASH, STATUS, VERSION) VALUES ('UUID_3', 1, '345612', 'ACCEPTED', '1.00.00');
INSERT INTO T_DATA_SET (UUID, NODE_ID, HASH, STATUS, VERSION) VALUES ('UUID_4', 1, '123456', 'ACCEPTED', '1.00.00');
INSERT INTO T_DATA_SET (UUID, NODE_ID, HASH, STATUS, VERSION) VALUES ('UUID_5', 1, '345612', 'NEW', '1.00.00');
INSERT INTO T_DATA_SET (UUID, NODE_ID, HASH, STATUS, VERSION) VALUES ('UUID_6', 1, '345612', 'ACCEPTED', '1.00.00');
INSERT INTO T_DATA_SET (UUID, NODE_ID, HASH, STATUS, VERSION) VALUES ('UUID_7', 2, '345612', 'ACCEPTED', '1.00.00');
INSERT INTO T_DATA_SET (UUID, NODE_ID, HASH, STATUS, VERSION) VALUES ('UUID_8', 2, '345612', 'ACCEPTED', '1.00.00');
INSERT INTO T_DATA_SET (UUID, NODE_ID, HASH, STATUS, VERSION) VALUES ('UUID_9', 3, '345612', 'NEW', '1.00.00');
INSERT INTO T_DATA_SET (UUID, NODE_ID, HASH, STATUS, VERSION) VALUES ('UUID_10', 3, '345612', 'NEW', '1.00.00');
INSERT INTO T_DATA_SET (UUID, NODE_ID, HASH, STATUS, VERSION) VALUES ('UUID_11', 4, '345612', 'ACCEPTED', '1.00.00');
INSERT INTO T_DATA_SET (UUID, NODE_ID, HASH, STATUS, VERSION) VALUES ('UUID_11', 4, '345612', 'UPDATE', '1.10.00');
INSERT INTO T_DATA_SET (UUID, NODE_ID, HASH, STATUS, VERSION) VALUES ('UUID_11', 4, '345612', 'UPDATE', '1.11.00');
INSERT INTO T_DATA_SET (UUID, NODE_ID, HASH, STATUS, VERSION) VALUES ('UUID_12', 5, '345612', 'NEW', '1.10.00');
INSERT INTO T_DATA_SET (UUID, NODE_ID, HASH, STATUS, VERSION) VALUES ('UUID_12', 5, '345612', 'NEW', '1.11.00');

INSERT INTO T_COMPLIANCE (NAME, UUID) VALUES ('n1', 'complianceUUID1');
INSERT INTO T_COMPLIANCE (NAME, UUID) VALUES ('n2', 'complianceUUID2');